#Year, Host_Country, Match_ID, Type, Date, Location, Team 1,Team 2, Score 1,Score 2
1954,Switzerland,1,Group 1,1954-06-16,Charmilles Stadium,Brazil,Mexico,5,0
1954,Switzerland,2,Group 1,1954-06-16,Stade Olympique de la Pontaise,Yugoslavia,France,1,0
1954,Switzerland,3,Group 1,1954-06-19,Stade Olympique de la Pontaise,Brazil,Yugoslavia,1,1
1954,Switzerland,4,Group 1,1954-06-19,Charmilles Stadium,France,Mexico,3,2
1954,Switzerland,5,Group 2,1954-06-17,Wankdorf Stadium,West Germany,Turkey,4,1
1954,Switzerland,6,Group 2,1954-06-17,Hardturm Stadium,Hungary,South Korea,9,0
1954,Switzerland,7,Group 2,1954-06-20,St. Jakob Stadium,Hungary,West Germany,8,3
1954,Switzerland,8,Group 2,1954-06-20,Charmilles Stadium,Turkey,South Korea,7,0
1954,Switzerland,9,Group 2,1954-06-23,Hardturm Stadium,West Germany,Turkey,7,2
1954,Switzerland,10,Group 3,1954-06-16,Wankdorf Stadium,Uruguay,Czechoslovakia,2,0
1954,Switzerland,11,Group 3,1954-06-16,Hardturm Stadium,Austria,Scotland,1,0
1954,Switzerland,12,Group 3,1954-06-19,Hardturm Stadium,Austria,Czechoslovakia,5,0
1954,Switzerland,13,Group 3,1954-06-19,St. Jakob Stadium,Uruguay,Scotland,7,0
1954,Switzerland,14,Group 4,1954-06-17,St. Jakob Stadium,England,Belgium,4,4
1954,Switzerland,15,Group 4,1954-06-17,Stade Olympique de la Pontaise,Switzerland,Italy,2,1
1954,Switzerland,16,Group 4,1954-06-20,Wankdorf Stadium,England,Switzerland,2,0
1954,Switzerland,17,Group 4,1954-06-20,Cornaredo Stadium,Italy,Belgium,4,1
1954,Switzerland,18,Group 4,1954-06-23,St. Jakob Stadium,Switzerland,Italy,4,1
1954,Switzerland,19,Quarter-finals,1954-06-26,Stade Olympique de la Pontaise,Austria,Switzerland,7,5
1954,Switzerland,20,Quarter-finals,1954-06-26,St. Jakob Stadium,Uruguay,England,4,2
1954,Switzerland,21,Quarter-finals,1954-06-27,Charmilles Stadium,Yugoslavia,West Germany,0,2
1954,Switzerland,22,Quarter-finals,1954-06-27,Wankdorf Stadium,Brazil,Hungary,2,4
1954,Switzerland,23,Semi-finals,1954-06-30,St. Jakob Stadium,West Germany,Austria,6,1
1954,Switzerland,24,Semi-finals,1954-06-30,Stade Olympique de la Pontaise,Hungary,Uruguay,4,2
1954,Switzerland,25,Match for third place,1954-07-03,Hardturm Stadium,Uruguay,Austria,1,3
1954,Switzerland,26,Final,1954-07-04,Wankdorf Stadium,Hungary,West Germany,2,3
1958,Sweden,27,Group 1,1958-06-08,Malmö Stadion,West Germany,Argentina,3,1
1958,Sweden,28,Group 1,1958-06-08,Örjans Vall,Northern Ireland,Czechoslovakia,1,0
1958,Sweden,29,Group 1,1958-06-11,Örjans Vall,Argentina,Northern Ireland,3,1
1958,Sweden,30,Group 1,1958-06-11,Olympiastadion,West Germany,Czechoslovakia,2,2
1958,Sweden,31,Group 1,1958-06-15,Malmö Stadion,West Germany,Northern Ireland,2,2
1958,Sweden,32,Group 1,1958-06-15,Olympiastadion,Czechoslovakia,Argentina,6,1
1958,Sweden,33,Group 1,1958-06-17,Malmö Stadion,Northern Ireland,Czechoslovakia,2,1
1958,Sweden,34,Group 2,1958-06-08,Idrottsparken,France,Paraguay,7,3
1958,Sweden,35,Group 2,1958-06-08,Arosvallen,Yugoslavia,Scotland,1,1
1958,Sweden,36,Group 2,1958-06-11,Arosvallen,Yugoslavia,France,3,2
1958,Sweden,37,Group 2,1958-06-11,Idrottsparken,Paraguay,Scotland,3,2
1958,Sweden,38,Group 2,1958-06-15,Eyravallen,France,Scotland,2,1
1958,Sweden,39,Group 2,1958-06-15,Tunavallen,Paraguay,Yugoslavia,3,3
1958,Sweden,40,Group 3,1958-06-08,Råsunda Stadium,Sweden,Mexico,3,0
1958,Sweden,41,Group 3,1958-06-08,Jernvallen,Hungary,Wales,1,1
1958,Sweden,42,Group 3,1958-06-11,Råsunda Stadium,Mexico,Wales,1,1
1958,Sweden,43,Group 3,1958-06-12,Råsunda Stadium,Sweden,Hungary,2,1
1958,Sweden,44,Group 3,1958-06-15,Råsunda Stadium,Sweden,Wales,0,0
1958,Sweden,45,Group 3,1958-06-15,Jernvallen,Hungary,Mexico,4,0
1958,Sweden,46,Group 3,1958-06-17,Råsunda Stadium,Wales,Hungary,2,1
1958,Sweden,47,Group 4,1958-06-08,Rimnersvallen,Brazil,Austria,3,0
1958,Sweden,48,Group 4,1958-06-08,Ullevi,Soviet Union,England,2,2
1958,Sweden,49,Group 4,1958-06-11,Ullevi,Brazil,England,0,0
1958,Sweden,50,Group 4,1958-06-11,Ryavallen,Soviet Union,Austria,2,0
1958,Sweden,51,Group 4,1958-06-15,Ryavallen,England,Austria,2,2
1958,Sweden,52,Group 4,1958-06-15,Ullevi,Brazil,Soviet Union,2,0
1958,Sweden,53,Group 4,1958-06-17,Ullevi,Soviet Union,England,1,0
1958,Sweden,54,Quarter-finals,1958-06-19,Idrottsparken,France,Northern Ireland,4,0
1958,Sweden,55,Quarter-finals,1958-06-19,Råsunda Stadium,Sweden,Soviet Union,2,0
1958,Sweden,56,Quarter-finals,1958-06-19,Ullevi,Brazil,Wales,1,0
1958,Sweden,57,Quarter-finals,1958-06-19,Malmö Stadion,West Germany,Yugoslavia,1,0
1958,Sweden,58,Semi-finals,1958-06-24,Råsunda Stadium,France,Brazil,2,5
1958,Sweden,59,Semi-finals,1958-06-24,Ullevi,West Germany,Sweden,1,3
1958,Sweden,60,Match for third place,1958-06-28,Ullevi,West Germany,France,3,6
1958,Sweden,61,Final,1958-06-29,Råsunda Stadium,Sweden,Brazil,2,5
1962,Chile,62,Group 1,1962-05-30,Estadio Carlos Dittborn,Uruguay,Colombia,2,1
1962,Chile,63,Group 1,1962-05-31,Estadio Carlos Dittborn,Soviet Union,Yugoslavia,2,0
1962,Chile,64,Group 1,1962-06-02,Estadio Carlos Dittborn,Yugoslavia,Uruguay,3,1
1962,Chile,65,Group 1,1962-06-03,Estadio Carlos Dittborn,Soviet Union,Colombia,4,4
1962,Chile,66,Group 1,1962-06-06,Estadio Carlos Dittborn,Soviet Union,Uruguay,2,1
1962,Chile,67,Group 1,1962-06-07,Estadio Carlos Dittborn,Yugoslavia,Colombia,5,0
1962,Chile,68,Group 2,1962-05-30,Estadio Nacional,Chile,Switzerland,3,1
1962,Chile,69,Group 2,1962-05-31,Estadio Nacional,West Germany,Italy,0,0
1962,Chile,70,Group 2,1962-06-02,Estadio Nacional,Chile,Italy,2,0
1962,Chile,71,Group 2,1962-06-03,Estadio Nacional,West Germany,Switzerland,2,1
1962,Chile,72,Group 2,1962-06-06,Estadio Nacional,West Germany,Chile,2,0
1962,Chile,73,Group 2,1962-06-07,Estadio Nacional,Italy,Switzerland,3,0
1962,Chile,74,Group 3,1962-05-30,Estadio Sausalito,Brazil,Mexico,2,0
1962,Chile,75,Group 3,1962-05-31,Estadio Sausalito,Czechoslovakia,Spain,1,0
1962,Chile,76,Group 3,1962-06-02,Estadio Sausalito,Brazil,Czechoslovakia,0,0
1962,Chile,77,Group 3,1962-06-03,Estadio Sausalito,Spain,Mexico,1,0
1962,Chile,78,Group 3,1962-06-06,Estadio Sausalito,Brazil,Spain,2,1
1962,Chile,79,Group 3,1962-06-07,Estadio Sausalito,Mexico,Czechoslovakia,3,1
1962,Chile,80,Group 4,1962-05-30,Estadio El Teniente,Argentina,Bulgaria,1,0
1962,Chile,81,Group 4,1962-05-31,Estadio El Teniente,Hungary,England,2,1
1962,Chile,82,Group 4,1962-06-02,Estadio El Teniente,England,Argentina,3,1
1962,Chile,83,Group 4,1962-06-03,Estadio El Teniente,Hungary,Bulgaria,6,1
1962,Chile,84,Group 4,1962-06-06,Estadio El Teniente,Hungary,Argentina,0,0
1962,Chile,85,Group 4,1962-06-07,Estadio El Teniente,England,Bulgaria,0,0
1962,Chile,86,Quarter-finals,1962-06-10,Estadio Carlos Dittborn,Chile,Soviet Union,2,1
1962,Chile,87,Quarter-finals,1962-06-10,Estadio Nacional,Yugoslavia,West Germany,1,0
1962,Chile,88,Quarter-finals,1962-06-10,Estadio Sausalito,Brazil,England,3,1
1962,Chile,89,Quarter-finals,1962-06-10,Estadio El Teniente,Czechoslovakia,Hungary,1,0
1962,Chile,90,Semi-finals,1962-06-13,Estadio Nacional,Brazil,Chile,4,2
1962,Chile,91,Semi-finals,1962-06-13,Estadio Sausalito,Czechoslovakia,Yugoslavia,3,1
1962,Chile,92,Match for third place,1962-06-16,Estadio Nacional,Chile,Yugoslavia,1,0
1962,Chile,93,Final,1962-06-17,Estadio Nacional,Brazil,Czechoslovakia,3,1
1966,England,94,Group 1,1966-07-11,Wembley Stadium,England,Uruguay,0,0
1966,England,95,Group 1,1966-07-13,Wembley Stadium,France,Mexico,1,1
1966,England,96,Group 1,1966-07-15,White City Stadium,Uruguay,France,2,1
1966,England,97,Group 1,1966-07-16,Wembley Stadium,England,Mexico,2,0
1966,England,98,Group 1,1966-07-19,Wembley Stadium,Mexico,Uruguay,0,0
1966,England,99,Group 1,1966-07-20,Wembley Stadium,England,France,2,0
1966,England,100,Group 2,1966-07-12,Hillsborough Stadium,West Germany,Switzerland,5,0
1966,England,101,Group 2,1966-07-13,Villa Park,Argentina,Spain,2,1
1966,England,102,Group 2,1966-07-15,Hillsborough Stadium,Spain,Switzerland,2,1
1966,England,103,Group 2,1966-07-16,Villa Park,Argentina,West Germany,0,0
1966,England,104,Group 2,1966-07-19,Hillsborough Stadium,Argentina,Switzerland,2,0
1966,England,105,Group 2,1966-07-20,Villa Park,West Germany,Spain,2,1
1966,England,106,Group 3,1966-07-12,Goodison Park,Brazil,Bulgaria,2,0
1966,England,107,Group 3,1966-07-13,Old Trafford,Portugal,Hungary,3,1
1966,England,108,Group 3,1966-07-15,Goodison Park,Hungary,Brazil,3,1
1966,England,109,Group 3,1966-07-16,Old Trafford,Portugal,Bulgaria,3,0
1966,England,110,Group 3,1966-07-19,Goodison Park,Portugal,Brazil,3,1
1966,England,111,Group 3,1966-07-20,Old Trafford,Hungary,Bulgaria,3,1
1966,England,112,Group 4,1966-07-12,Ayresome Park,Soviet Union,North Korea,3,0
1966,England,113,Group 4,1966-07-13,Roker Park,Italy,Chile,2,0
1966,England,114,Group 4,1966-07-15,Ayresome Park,Chile,North Korea,1,1
1966,England,115,Group 4,1966-07-16,Roker Park,Soviet Union,Italy,1,0
1966,England,116,Group 4,1966-07-19,Ayresome Park,North Korea,Italy,1,0
1966,England,117,Group 4,1966-07-20,Roker Park,Soviet Union,Chile,2,1
1966,England,118,Quarter-finals,1966-07-23,Wembley Stadium,England,Argentina,1,0
1966,England,119,Quarter-finals,1966-07-23,Hillsborough Stadium,West Germany,Uruguay,4,0
1966,England,120,Quarter-finals,1966-07-23,Roker Park,Soviet Union,Hungary,2,1
1966,England,121,Quarter-finals,1966-07-23,Goodison Park,Portugal,North Korea,5,3
1966,England,122,Semi-finals,1966-07-25,Goodison Park,West Germany,Soviet Union,2,1
1966,England,123,Semi-finals,1966-07-26,Wembley Stadium,England,Portugal,2,1
1966,England,124,Match for third place,1966-07-28,Wembley Stadium,Portugal,Soviet Union,2,1
1966,England,125,Final,1966-07-30,Wembley Stadium,England,West Germany,4,2
1970,Mexico,126,Group 1,1970-05-31,Estadio Azteca,Mexico,Soviet Union,0,0
1970,Mexico,127,Group 1,1970-06-03,Estadio Azteca,Belgium,El Salvador,3,0
1970,Mexico,128,Group 1,1970-06-06,Estadio Azteca,Soviet Union,Belgium,4,1
1970,Mexico,129,Group 1,1970-06-07,Estadio Azteca,Mexico,El Salvador,4,0
1970,Mexico,130,Group 1,1970-06-10,Estadio Azteca,Soviet Union,El Salvador,2,0
1970,Mexico,131,Group 1,1970-06-11,Estadio Azteca,Mexico,Belgium,1,0
1970,Mexico,132,Group 2,1970-06-02,Estadio Cuauhtémoc,Uruguay,Israel,2,0
1970,Mexico,133,Group 2,1970-06-03,Estadio Luis Dosal,Italy,Sweden,1,0
1970,Mexico,134,Group 2,1970-06-06,Estadio Cuauhtémoc,Uruguay,Italy,0,0
1970,Mexico,135,Group 2,1970-06-07,Estadio Luis Dosal,Sweden,Israel,1,1
1970,Mexico,136,Group 2,1970-06-10,Estadio Cuauhtémoc,Uruguay,Sweden,0,1
1970,Mexico,137,Group 2,1970-06-11,Estadio Luis Dosal,Israel,Italy,0,0
1970,Mexico,138,Group 3,1970-06-02,Estadio Jalisco,Romania,England,0,1
1970,Mexico,139,Group 3,1970-06-03,Estadio Jalisco,Czechoslovakia,Brazil,1,4
1970,Mexico,140,Group 3,1970-06-06,Estadio Jalisco,Romania,Czechoslovakia,2,1
1970,Mexico,141,Group 3,1970-06-07,Estadio Jalisco,England,Brazil,0,1
1970,Mexico,142,Group 3,1970-06-10,Estadio Jalisco,Romania,Brazil,2,3
1970,Mexico,143,Group 3,1970-06-11,Estadio Jalisco,England,Czechoslovakia,1,0
1970,Mexico,144,Group 4,1970-06-02,Estadio Nou Camp,Peru,Bulgaria,3,2
1970,Mexico,145,Group 4,1970-06-03,Estadio Nou Camp,Morocco,West Germany,1,2
1970,Mexico,146,Group 4,1970-06-06,Estadio Nou Camp,Peru,Morocco,3,0
1970,Mexico,147,Group 4,1970-06-07,Estadio Nou Camp,Bulgaria,West Germany,2,5
1970,Mexico,148,Group 4,1970-06-10,Estadio Nou Camp,Peru,West Germany,1,3
1970,Mexico,149,Group 4,1970-06-11,Estadio Nou Camp,Bulgaria,Morocco,1,1
1970,Mexico,150,Quarter-finals,1970-06-14,Estadio Azteca,Soviet Union,Uruguay,0,1
1970,Mexico,151,Quarter-finals,1970-06-14,Estadio Luis Dosal,Italy,Mexico,4,1
1970,Mexico,152,Quarter-finals,1970-06-14,Estadio Jalisco,Brazil,Peru,4,2
1970,Mexico,153,Quarter-finals,1970-06-14,Estadio Nou Camp,West Germany,England,3,2
1970,Mexico,154,Semi-finals,1970-06-17,Estadio Jalisco,Uruguay,Brazil,1,3
1970,Mexico,155,Semi-finals,1970-06-17,Estadio Azteca,Italy,West Germany,4,3
1970,Mexico,156,Match for third place,1970-06-20,Estadio Azteca,Uruguay,West Germany,0,1
1970,Mexico,157,Final,1970-06-21,Estadio Azteca,Brazil,Italy,4,1
1974,West Germany,158,Group 1,1974-06-14,Olympiastadion,West Germany,Chile,1,0
1974,West Germany,159,Group 1,1974-06-14,Volksparkstadion,East Germany,Australia,2,0
1974,West Germany,160,Group 1,1974-06-18,Olympiastadion,Chile,East Germany,1,1
1974,West Germany,161,Group 1,1974-06-18,Volksparkstadion,Australia,West Germany,0,3
1974,West Germany,162,Group 1,1974-06-22,Olympiastadion,Australia,Chile,0,0
1974,West Germany,163,Group 1,1974-06-22,Volksparkstadion,East Germany,West Germany,1,0
1974,West Germany,164,Group 2,1974-06-13,Waldstadion,Brazil,Yugoslavia,0,0
1974,West Germany,165,Group 2,1974-06-14,Westfalenstadion,Zaire,Scotland,0,2
1974,West Germany,166,Group 2,1974-06-18,Parkstadion,Yugoslavia,Zaire,9,0
1974,West Germany,167,Group 2,1974-06-18,Waldstadion,Scotland,Brazil,0,0
1974,West Germany,168,Group 2,1974-06-22,Waldstadion,Scotland,Yugoslavia,1,1
1974,West Germany,169,Group 2,1974-06-22,Parkstadion,Zaire,Brazil,0,3
1974,West Germany,170,Group 3,1974-06-15,Niedersachsenstadion,Uruguay,Netherlands,0,2
1974,West Germany,171,Group 3,1974-06-15,Rheinstadion,Sweden,Bulgaria,0,0
1974,West Germany,172,Group 3,1974-06-19,Westfalenstadion,Netherlands,Sweden,0,0
1974,West Germany,173,Group 3,1974-06-19,Niedersachsenstadion,Uruguay,Bulgaria,1,1
1974,West Germany,174,Group 3,1974-06-23,Westfalenstadion,Netherlands,Bulgaria,4,1
1974,West Germany,175,Group 3,1974-06-23,Rheinstadion,Sweden,Uruguay,3,0
1974,West Germany,176,Group 4,1974-06-15,Olympiastadion,Italy,Haiti,3,1
1974,West Germany,177,Group 4,1974-06-15,Neckarstadion,Poland,Argentina,3,2
1974,West Germany,178,Group 4,1974-06-19,Olympiastadion,Haiti,Poland,0,7
1974,West Germany,179,Group 4,1974-06-19,Neckarstadion,Argentina,Italy,1,1
1974,West Germany,180,Group 4,1974-06-23,Olympiastadion,Argentina,Haiti,4,1
1974,West Germany,181,Group 4,1974-06-23,Neckarstadion,Poland,Italy,2,1
1974,West Germany,182,Group I,1974-06-26,Niedersachsenstadion,Brazil,East Germany,1,0
1974,West Germany,183,Group I,1974-06-26,Parkstadion,Netherlands,Argentina,4,0
1974,West Germany,184,Group I,1974-06-30,Parkstadion,East Germany,Netherlands,0,2
1974,West Germany,185,Group I,1974-06-30,Niedersachsenstadion,Argentina,Brazil,1,2
1974,West Germany,186,Group I,1974-07-03,Parkstadion,Argentina,East Germany,1,1
1974,West Germany,187,Group I,1974-07-03,Westfalenstadion,Netherlands,Brazil,2,0
1974,West Germany,188,Group J,1974-06-26,Rheinstadion,Yugoslavia,West Germany,0,2
1974,West Germany,189,Group J,1974-06-26,Neckarstadion,Sweden,Poland,0,1
1974,West Germany,190,Group J,1974-06-30,Rheinstadion,West Germany,Sweden,4,2
1974,West Germany,191,Group J,1974-06-30,Waldstadion,Poland,Yugoslavia,2,1
1974,West Germany,192,Group J,1974-07-03,Waldstadion,Poland,West Germany,0,1
1974,West Germany,193,Group J,1974-07-03,Rheinstadion,Sweden,Yugoslavia,2,1
1974,West Germany,194,Match for third place,1974-07-06,Olympiastadion,Brazil,Poland,0,1
1974,West Germany,195,Final,1974-07-07,Olympiastadion,Netherlands,West Germany,1,2
1978,Argentina,196,Group 1,1978-06-02,Estadio Monumental,Argentina,Hungary,2,1
1978,Argentina,197,Group 1,1978-06-02,Estadio José María Minella,Italy,France,2,1
1978,Argentina,198,Group 1,1978-06-06,Estadio Monumental,Argentina,France,2,1
1978,Argentina,199,Group 1,1978-06-06,Estadio José María Minella,Italy,Hungary,3,1
1978,Argentina,200,Group 1,1978-06-10,Estadio Monumental,Argentina,Italy,0,1
1978,Argentina,201,Group 1,1978-06-10,Estadio José María Minella,France,Hungary,3,1
1978,Argentina,202,Group 2,1978-06-01,Estadio Monumental,West Germany,Poland,0,0
1978,Argentina,203,Group 2,1978-06-02,Estadio Gigante de Arroyito,Tunisia,Mexico,3,1
1978,Argentina,204,Group 2,1978-06-06,Estadio Gigante de Arroyito,Poland,Tunisia,1,0
1978,Argentina,205,Group 2,1978-06-06,Estadio Chateau Carreras,West Germany,Mexico,6,0
1978,Argentina,206,Group 2,1978-06-10,Estadio Gigante de Arroyito,Poland,Mexico,3,1
1978,Argentina,207,Group 2,1978-06-10,Estadio Olímpico Chateau Carreras,West Germany,Tunisia,0,0
1978,Argentina,208,Group 3,1978-06-03,Estadio José Amalfitani,Austria,Spain,2,1
1978,Argentina,209,Group 3,1978-06-03,Estadio José Maria Minella,Brazil,Sweden,1,1
1978,Argentina,210,Group 3,1978-06-07,Estadio José Amalfitani,Austria,Sweden,1,0
1978,Argentina,211,Group 3,1978-06-07,Estadio José Maria Minella,Brazil,Spain,0,0
1978,Argentina,212,Group 3,1978-06-11,Estadio José Amalfitani,Spain,Sweden,1,0
1978,Argentina,213,Group 3,1978-06-11,Estadio José Maria Minella,Brazil,Austria,1,0
1978,Argentina,214,Group 4,1978-06-03,Estadio Chateau Carreras,Peru,Scotland,3,1
1978,Argentina,215,Group 4,1978-06-03,Estadio Ciudad de Mendoza,Netherlands,Iran,3,0
1978,Argentina,216,Group 4,1978-06-07,Estadio Chateau Carreras,Scotland,Iran,1,1
1978,Argentina,217,Group 4,1978-06-07,Estadio Ciudad de Mendoza,Netherlands,Peru,0,0
1978,Argentina,218,Group 4,1978-06-11,Estadio Chateau Carreras,Peru,Iran,4,1
1978,Argentina,219,Group 4,1978-06-11,Estadio Ciudad de Mendoza,Scotland,Netherlands,3,2
1978,Argentina,220,Group I,1978-06-14,Estadio Monumental,Italy,West Germany,0,0
1978,Argentina,221,Group I,1978-06-14,Estadio Chateau Carreras,Austria,Netherlands,1,5
1978,Argentina,222,Group I,1978-06-18,Estadio Monumental,Italy,Austria,1,0
1978,Argentina,223,Group I,1978-06-18,Estadio Chateau Carreras,Netherlands,West Germany,2,2
1978,Argentina,224,Group I,1978-06-21,Estadio Monumental,Italy,Netherlands,1,2
1978,Argentina,225,Group I,1978-06-21,Estadio Chateau Carreras,Austria,West Germany,3,2
1978,Argentina,226,Group J,1978-06-14,Estadio Gigante de Arroyito,Argentina,Poland,2,0
1978,Argentina,227,Group J,1978-06-14,Estadio Ciudad de Mendoza,Peru,Brazil,0,3
1978,Argentina,228,Group J,1978-06-18,Estadio Gigante de Arroyito,Argentina,Brazil,0,0
1978,Argentina,229,Group J,1978-06-18,Estadio Ciudad de Mendoza,Peru,Poland,0,1
1978,Argentina,230,Group J,1978-06-21,Estadio Gigante de Arroyito,Argentina,Peru,6,0
1978,Argentina,231,Group J,1978-06-21,Estadio Ciudad de Mendoza,Poland,Brazil,1,3
1978,Argentina,232,Match for third place,1978-06-24,Estadio Monumental,Brazil,Italy,2,1
1978,Argentina,233,Final,1978-06-25,Estadio Monumental,Netherlands,Argentina,1,3
1982,Spain,234,Group 1,1982-06-14,Balaídos,Italy,Poland,0,0
1982,Spain,235,Group 1,1982-06-15,Estadio de Riazor,Peru,Cameroon,0,0
1982,Spain,236,Group 1,1982-06-18,Balaídos,Italy,Peru,1,1
1982,Spain,237,Group 1,1982-06-19,Estadio de Riazor,Poland,Cameroon,0,0
1982,Spain,238,Group 1,1982-06-22,Estadio de Riazor,Poland,Peru,5,1
1982,Spain,239,Group 1,1982-06-23,Balaídos,Italy,Cameroon,1,1
1982,Spain,240,Group 2,1982-06-16,El Molinón,West Germany,Algeria,1,2
1982,Spain,241,Group 2,1982-06-17,Estadio Carlos Tartiere,Chile,Austria,0,1
1982,Spain,242,Group 2,1982-06-20,El Molinón,West Germany,Chile,4,1
1982,Spain,243,Group 2,1982-06-21,Estadio Carlos Tartiere,Algeria,Austria,0,2
1982,Spain,244,Group 2,1982-06-24,Estadio Carlos Tartiere,Algeria,Chile,3,2
1982,Spain,245,Group 2,1982-06-25,El Molinón,West Germany,Austria,1,0
1982,Spain,246,Group 3,1982-06-13,Camp Nou,Argentina,Belgium,0,1
1982,Spain,247,Group 3,1982-06-15,Nuevo Estadio,Hungary,El Salvador,10,1
1982,Spain,248,Group 3,1982-06-18,Estadio José Rico Pérez,Argentina,Hungary,4,1
1982,Spain,249,Group 3,1982-06-19,Nuevo Estadio,Belgium,El Salvador,1,0
1982,Spain,250,Group 3,1982-06-22,Nuevo Estadio,Belgium,Hungary,1,1
1982,Spain,251,Group 3,1982-06-23,Estadio José Rico Pérez,Argentina,El Salvador,2,0
1982,Spain,252,Group 4,1982-06-16,Estadio San Mamés,England,France,3,1
1982,Spain,253,Group 4,1982-06-17,Estadio José Zorrilla,Czechoslovakia,Kuwait,1,1
1982,Spain,254,Group 4,1982-06-20,Estadio San Mamés,England,Czechoslovakia,2,0
1982,Spain,255,Group 4,1982-06-21,Estadio José Zorrilla,France,Kuwait,4,1
1982,Spain,256,Group 4,1982-06-24,Estadio José Zorrilla,France,Czechoslovakia,1,1
1982,Spain,257,Group 4,1982-06-25,Estadio San Mamés,England,Kuwait,1,0
1982,Spain,258,Group 5,1982-06-16,Estadio Luis Casanova,Spain,Honduras,1,1
1982,Spain,259,Group 5,1982-06-17,La Romareda,Yugoslavia,Northern Ireland,0,0
1982,Spain,260,Group 5,1982-06-20,Estadio Luis Casanova,Spain,Yugoslavia,2,1
1982,Spain,261,Group 5,1982-06-21,La Romareda,Honduras,Northern Ireland,1,1
1982,Spain,262,Group 5,1982-06-24,La Romareda,Honduras,Yugoslavia,0,1
1982,Spain,263,Group 5,1982-06-25,Estadio Luis Casanova,Spain,Northern Ireland,0,1
1982,Spain,264,Group 6,1982-06-14,Estadio Ramón Sánchez Pizjuán,Brazil,Soviet Union,2,1
1982,Spain,265,Group 6,1982-06-15,Estadio La Rosaleda,Scotland,New Zealand,5,2
1982,Spain,266,Group 6,1982-06-18,Estadio Benito Villamarín,Brazil,Scotland,4,1
1982,Spain,267,Group 6,1982-06-19,Estadio La Rosaleda,Soviet Union,New Zealand,3,0
1982,Spain,268,Group 6,1982-06-22,Estadio La Rosaleda,Soviet Union,Scotland,2,2
1982,Spain,269,Group 6,1982-06-23,Estadio Benito Villamarín,Brazil,New Zealand,4,0
1982,Spain,270,Group I,1982-06-28,Camp Nou,Poland,Belgium,3,0
1982,Spain,271,Group I,1982-07-01,Camp Nou,Belgium,Soviet Union,0,1
1982,Spain,272,Group I,1982-07-04,Camp Nou,Soviet Union,Poland,0,0
1982,Spain,273,Group J,1982-06-29,Estadio Santiago Bernabéu,West Germany,England,0,0
1982,Spain,274,Group J,1982-07-02,Estadio Santiago Bernabéu,West Germany,Spain,2,1
1982,Spain,275,Group J,1982-07-05,Estadio Santiago Bernabéu,Spain,England,0,0
1982,Spain,276,Group K,1982-06-29,Estadio Sarriá,Italy,Argentina,2,1
1982,Spain,277,Group K,1982-07-02,Estadio Sarriá,Argentina,Brazil,1,3
1982,Spain,278,Group K,1982-07-05,Estadio Sarriá,Italy,Brazil,3,2
1982,Spain,279,Group L,1982-06-28,Estadio Vicente Calderón,Austria,France,0,1
1982,Spain,280,Group L,1982-07-01,Estadio Vicente Calderón,Austria,Northern Ireland,2,2
1982,Spain,281,Group L,1982-07-04,Estadio Vicente Calderón,Northern Ireland,France,1,4
1982,Spain,282,Semi-finals,1982-07-08,Camp Nou,Poland,Italy,0,2
1982,Spain,283,Semi-finals,1982-07-08,Estadio Ramón Sánchez Pizjuán,West Germany,France,5,4
1982,Spain,284,Match for third place,1982-07-10,Estadio José Rico Pérez,Poland,France,3,2
1982,Spain,285,Final,1982-07-11,Estadio Santiago Bernabéu,West Germany,3,1,
1986,Mexico,286,Group A,1986-05-31,Estadio Azteca,Bulgaria,Italy,1,1
1986,Mexico,287,Group A,1986-06-02,Estadio Olímpico Universitario,Argentina,South Korea,3,1
1986,Mexico,288,Group A,1986-06-05,Estadio Cuauhtémoc,Italy,Argentina,1,1
1986,Mexico,289,Group A,1986-06-05,Estadio Olímpico Universitario,South Korea,Bulgaria,1,1
1986,Mexico,290,Group A,1986-06-10,Estadio Cuauhtémoc,South Korea,Italy,2,3
1986,Mexico,291,Group A,1986-06-10,Estadio Olímpico Universitario,Argentina,Bulgaria,2,0
1986,Mexico,292,Group B,1986-06-03,Estadio Azteca,Belgium,Mexico,1,2
1986,Mexico,293,Group B,1986-06-04,Estadio Nemesio Díez,Paraguay,Iraq,1,0
1986,Mexico,294,Group B,1986-06-07,Estadio Azteca,Mexico,Paraguay,1,1
1986,Mexico,295,Group B,1986-06-08,Estadio Nemesio Díez,Iraq,Belgium,1,2
1986,Mexico,296,Group B,1986-06-11,Estadio Azteca,Iraq,Mexico,0,1
1986,Mexico,297,Group B,1986-06-11,Estadio Nemesio Díez,Paraguay,Belgium,2,2
1986,Mexico,298,Group C,1986-06-01,Estadio Nou Camp,Canada,France,0,1
1986,Mexico,299,Group C,1986-06-02,Estadio Sergio León Chavez,Soviet Union,Hungary,6,0
1986,Mexico,300,Group C,1986-06-05,Estadio Nou Camp,France,Soviet Union,1,1
1986,Mexico,301,Group C,1986-06-06,Estadio Sergio León Chavez,Hungary,Canada,2,0
1986,Mexico,302,Group C,1986-06-09,Estadio Nou Camp,Hungary,France,0,3
1986,Mexico,303,Group C,1986-06-09,Estadio Sergio León Chavez,Soviet Union,Canada,2,0
1986,Mexico,304,Group D,1986-06-01,Estadio Jalisco,Spain,Brazil,0,1
1986,Mexico,305,Group D,1986-06-03,Estadio Tres de Marzo,Algeria,Northern Ireland,1,1
1986,Mexico,306,Group D,1986-06-06,Estadio Jalisco,Brazil,Algeria,1,0
1986,Mexico,307,Group D,1986-06-07,Estadio Tres de Marzo,Northern Ireland,Spain,1,2
1986,Mexico,308,Group D,1986-06-12,Estadio Jalisco,Northern Ireland,Brazil,0,3
1986,Mexico,309,Group D,1986-06-12,Estadio Tecnológico,Algeria,Spain,0,3
1986,Mexico,310,Group E,1986-06-04,Estadio La Corregidora,Uruguay,West Germany,1,1
1986,Mexico,311,Group E,1986-06-04,Estadio Neza 86,Scotland,Denmark,0,1
1986,Mexico,312,Group E,1986-06-08,Estadio La Corregidora,West Germany,Scotland,2,1
1986,Mexico,313,Group E,1986-06-08,Estadio Neza 86,Denmark,Uruguay,6,1
1986,Mexico,314,Group E,1986-06-13,Estadio La Corregidora,Denmark,West Germany,2,0
1986,Mexico,315,Group E,1986-06-13,Estadio Neza 86,Scotland,Uruguay,0,0
1986,Mexico,316,Group F,1986-06-02,Estadio Universitario,Morocco,Poland,0,0
1986,Mexico,317,Group F,1986-06-03,Estadio Tecnológico,Portugal,England,1,0
1986,Mexico,318,Group F,1986-06-06,Estadio Tecnológico,England,Morocco,0,0
1986,Mexico,319,Group F,1986-06-07,Estadio Universitario,Poland,Portugal,1,0
1986,Mexico,320,Group F,1986-06-11,Estadio Tres de Marzo,Portugal,Morocco,1,3
1986,Mexico,321,Group F,1986-06-11,Estadio Tecnológico,England,Poland,3,0
1986,Mexico,322,Round of 16,1986-06-15,Estadio Azteca,Mexico,Bulgaria,2,0
1986,Mexico,323,Round of 16,1986-06-15,Estadio Nou Camp,Soviet Union,Belgium,3,4
1986,Mexico,324,Round of 16,1986-06-16,Estadio Cuauhtémoc,Argentina,Uruguay,1,0
1986,Mexico,325,Round of 16,1986-06-16,Estadio Jalisco,Brazil,Poland,4,0
1986,Mexico,326,Round of 16,1986-06-17,Estadio Olímpico Universitario,Italy,France,0,2
1986,Mexico,327,Round of 16,1986-06-17,Estadio Universitario,Morocco,West Germany,0,1
1986,Mexico,328,Round of 16,1986-06-18,Estadio Azteca,England,Paraguay,3,0
1986,Mexico,329,Round of 16,1986-06-18,Estadio La Corregidora,Denmark,Spain,1,5
1986,Mexico,330,Quarter-finals,1986-06-21,Estadio Jalisco,Brazil,France,3,4
1986,Mexico,331,Quarter-finals,1986-06-21,Estadio Universitario,West Germany,Mexico,4,1
1986,Mexico,332,Quarter-finals,1986-06-22,Estadio Cuauhtémoc,Spain,Belgium,4,5
1986,Mexico,333,Quarter-finals,1986-06-22,Estadio Azteca,Argentina,England,2,1
1986,Mexico,334,Semi-finals,1986-06-25,Estadio Azteca,Argentina,Belgium,2,0
1986,Mexico,335,Semi-finals,1986-06-25,Estadio Jalisco,France,West Germany,0,2
1986,Mexico,336,Match for third place,1986-06-28,Estadio Cuauhtémoc,France,Belgium,4,2
1986,Mexico,337,Final,1986-06-29,Estadio Azteca,Argentina,West Germany,3,2
1990,Italy,338,Group A,1990-06-09,Stadio Olimpico,Italy,Austria,1,0
1990,Italy,339,Group A,1990-06-10,Stadio Comunale,United States,Czechoslovakia,1,5
1990,Italy,340,Group A,1990-06-14,Stadio Olimpico,Italy,United States,1,0
1990,Italy,341,Group A,1990-06-15,Stadio Comunale,Austria,Czechoslovakia,0,1
1990,Italy,342,Group A,1990-06-19,Stadio Olimpico,Italy,Czechoslovakia,2,0
1990,Italy,343,Group A,1990-06-19,Stadio Comunale,Austria,United States,2,1
1990,Italy,344,Group B,1990-06-08,San Siro,Argentina,Cameroon,0,1
1990,Italy,345,Group B,1990-06-09,Stadio San Nicola,Soviet Union,Romania,0,2
1990,Italy,346,Group B,1990-06-13,Stadio San Paolo,Argentina,Soviet Union,2,0
1990,Italy,347,Group B,1990-06-14,Stadio San Nicola,Cameroon,Romania,2,1
1990,Italy,348,Group B,1990-06-18,Stadio San Paolo,Argentina,Romania,1,1
1990,Italy,349,Group B,1990-06-18,Stadio San Nicola,Cameroon,Soviet Union,0,4
1990,Italy,350,Group C,1990-06-10,Stadio Delle Alpi,Brazil,Sweden,2,1
1990,Italy,351,Group C,1990-06-11,Stadio Luigi Ferraris,Costa Rica,Scotland,1,0
1990,Italy,352,Group C,1990-06-16,Stadio Delle Alpi,Brazil,Costa Rica,1,0
1990,Italy,353,Group C,1990-06-16,Stadio Luigi Ferraris,Sweden,Scotland,1,2
1990,Italy,354,Group C,1990-06-20,Stadio Delle Alpi,Brazil,Scotland,1,0
1990,Italy,355,Group C,1990-06-20,Stadio Luigi Ferraris,Sweden,Costa Rica,1,2
1990,Italy,356,Group D,1990-06-09,Stadio Renato Dall'Ara,United Arab Emirates,Colombia,0,2
1990,Italy,357,Group D,1990-06-10,San Siro,West Germany,Yugoslavia,4,1
1990,Italy,358,Group D,1990-06-14,Stadio Renato Dall'Ara,Yugoslavia,Colombia,1,0
1990,Italy,359,Group D,1990-06-15,San Siro,West Germany,United Arab Emirates,5,1
1990,Italy,360,Group D,1990-06-19,San Siro,West Germany,Colombia,1,1
1990,Italy,361,Group D,1990-06-19,Stadio Renato Dall'Ara,Yugoslavia,United Arab Emirates,4,1
1990,Italy,362,Group E,1990-06-12,Stadio Marc'Antonio Bentegodi,Belgium,South Korea,2,0
1990,Italy,363,Group E,1990-06-13,Stadio Friuli,Uruguay,Spain,0,0
1990,Italy,364,Group E,1990-06-17,Stadio Marc'Antonio Bentegodi,Belgium,Uruguay,3,1
1990,Italy,365,Group E,1990-06-17,Stadio Friuli,South Korea,Spain,1,3
1990,Italy,366,Group E,1990-06-21,Stadio Marc'Antonio Bentegodi,Belgium,Spain,1,2
1990,Italy,367,Group E,1990-06-21,Stadio Friuli,South Korea,Uruguay,0,1
1990,Italy,368,Group F,1990-06-11,Stadio Sant'Elia,England,Ireland,1,1
1990,Italy,369,Group F,1990-06-12,Stadio La Favorita,Netherlands,Egypt,1,1
1990,Italy,370,Group F,1990-06-16,Stadio Sant'Elia,England,Netherlands,0,0
1990,Italy,371,Group F,1990-06-17,Stadio La Favorita,Ireland,Egypt,0,0
1990,Italy,372,Group F,1990-06-21,Stadio Sant'Elia,England,Egypt,1,0
1990,Italy,373,Group F,1990-06-21,Stadio La Favorita,Ireland,Netherlands,1,1
1990,Italy,374,Round of 16,1990-06-23,Stadio San Paolo,Cameroon,Colombia,2,1
1990,Italy,375,Round of 16,1990-06-23,Stadio San Nicola,Czechoslovakia,Costa Rica,4,1
1990,Italy,376,Round of 16,1990-06-24,Stadio Delle Alpi,Brazil,Argentina,0,1
1990,Italy,377,Round of 16,1990-06-24,San Siro,West Germany,Netherlands,2,1
1990,Italy,378,Round of 16,1990-06-25,Stadio Luigi Ferraris,Ireland,Romania,5,4
1990,Italy,379,Round of 16,1990-06-25,Stadio Olimpico,Italy,Uruguay,2,0
1990,Italy,380,Round of 16,1990-06-26,Stadio Marc'Antonio Bentegodi,Spain,Yugoslavia,1,2
1990,Italy,381,Round of 16,1990-06-26,Stadio Renato Dall'Ara,England,Belgium,1,0
1990,Italy,382,Quarter-finals,1990-06-30,Stadio Artemio Franchi,Yugoslavia,Argentina,2,3
1990,Italy,383,Quarter-finals,1990-06-30,Stadio Olimpico,Italy,Ireland,1,0
1990,Italy,384,Quarter-finals,1990-07-01,San Siro,West Germany,Czechoslovakia,1,0
1990,Italy,385,Quarter-finals,1990-07-01,Stadio San Paolo,England,Cameroon,3,2
1990,Italy,386,Semi-finals,1990-07-03,Stadio San Paolo,Italy,Argentina,3,4
1990,Italy,387,Semi-finals,1990-07-04,Stadio delle Alpi,West Germany,England,4,3
1990,Italy,388,Match for third place,1990-07-07,Stadio San Nicola,Italy,England,2,1
1990,Italy,389,Final,1990-07-08,Stadio Olimpico,West Germany,Argentina,1,0
1994,United States,390,Group A,1994-06-18,Pontiac Silverdome,United States,Switzerland,1,1
1994,United States,391,Group A,1994-06-18,Rose Bowl,Colombia,Romania,1,3
1994,United States,392,Group A,1994-06-22,Pontiac Silverdome,Romania,Switzerland,1,4
1994,United States,393,Group A,1994-06-22,Rose Bowl,United States,Colombia,2,1
1994,United States,394,Group A,1994-06-26,Rose Bowl,United States,Romania,0,1
1994,United States,395,Group A,1994-06-26,Stanford Stadium,Switzerland,Colombia,0,2
1994,United States,396,Group B,1994-06-19,Rose Bowl,Cameroon,Sweden,2,2
1994,United States,397,Group B,1994-06-20,Stanford Stadium,Brazil,Russia,2,0
1994,United States,398,Group B,1994-06-24,Stanford Stadium,Brazil,Cameroon,3,0
1994,United States,399,Group B,1994-06-24,Pontiac Silverdome,Sweden,Russia,3,1
1994,United States,400,Group B,1994-06-28,Stanford Stadium,Russia,Cameroon,6,1
1994,United States,401,Group B,1994-06-28,Pontiac Silverdome,Brazil,Sweden,1,1
1994,United States,402,Group C,1994-06-17,Soldier Field,Germany,Bolivia,1,0
1994,United States,403,Group C,1994-06-17,Cotton Bowl,Spain,South Korea,2,2
1994,United States,404,Group C,1994-06-21,Soldier Field,Germany,Spain,1,1
1994,United States,405,Group C,1994-06-23,Foxboro Stadium,South Korea,Bolivia,0,0
1994,United States,406,Group C,1994-06-27,Soldier Field,Bolivia,Spain,1,3
1994,United States,407,Group C,1994-06-27,Cotton Bowl,Germany,South Korea,3,2
1994,United States,408,Group D,1994-06-21,Foxboro Stadium,Argentina,Greece,4,0
1994,United States,409,Group D,1994-06-21,Cotton Bowl,Nigeria,Bulgaria,3,0
1994,United States,410,Group D,1994-06-25,Foxboro Stadium,Argentina,Nigeria,2,1
1994,United States,411,Group D,1994-06-26,Soldier Field,Greece,Bulgaria,0,4
1994,United States,412,Group D,1994-06-30,Foxboro Stadium,Greece,Nigeria,0,2
1994,United States,413,Group D,1994-06-30,Cotton Bowl,Argentina,Bulgaria,0,2
1994,United States,414,Group E,1994-06-18,Giants Stadium,Italy,Ireland,0,1
1994,United States,415,Group E,1994-06-19,RFK Stadium,Norway,Mexico,1,0
1994,United States,416,Group E,1994-06-23,Giants Stadium,Italy,Norway,1,0
1994,United States,417,Group E,1994-06-24,Citrus Bowl,Mexico,Ireland,2,1
1994,United States,418,Group E,1994-06-28,Giants Stadium,Ireland,Norway,0,0
1994,United States,419,Group E,1994-06-28,RFK Stadium,Italy,Mexico,1,1
1994,United States,420,Group F,1994-06-19,Citrus Bowl,Belgium,Morocco,1,0
1994,United States,421,Group F,1994-06-20,RFK Stadium,Netherlands,Saudi Arabia,2,1
1994,United States,422,Group F,1994-06-25,Citrus Bowl,Belgium,Netherlands,1,0
1994,United States,423,Group F,1994-06-25,Giants Stadium,Saudi Arabia,Morocco,2,1
1994,United States,424,Group F,1994-06-29,Citrus Bowl,Morocco,Netherlands,1,2
1994,United States,425,Group F,1994-06-29,RFK Stadium,Belgium,Saudi Arabia,0,1
1994,United States,426,Round of 16,1994-07-02,Soldier Field,Germany,Belgium,3,2
1994,United States,427,Round of 16,1994-07-02,RFK Stadium,Spain,Switzerland,3,0
1994,United States,428,Round of 16,1994-07-03,Cotton Bowl,Saudi Arabia,Sweden,1,3
1994,United States,429,Round of 16,1994-07-03,Rose Bowl,Romania,Argentina,3,2
1994,United States,430,Round of 16,1994-07-04,Citrus Bowl,Netherlands,Ireland,2,0
1994,United States,431,Round of 16,1994-07-04,Stanford Stadium,Brazil,United States,1,0
1994,United States,432,Round of 16,1994-07-05,Foxboro Stadium,Nigeria,Italy,1,2
1994,United States,433,Round of 16,1994-07-05,Giants Stadium,Mexico,Bulgaria,1,3
1994,United States,434,Quarter-finals,1994-07-09,Foxboro Stadium,Italy,Spain,2,1
1994,United States,435,Quarter-finals,1994-07-09,Cotton Bowl,Netherlands,Brazil,2,3
1994,United States,436,Quarter-finals,1994-07-10,Giants Stadium,Bulgaria,Germany,2,1
1994,United States,437,Quarter-finals,1994-07-10,Stanford Stadium,Romania,Sweden,4,5
1994,United States,438,Semi-finals,1994-07-13,Giants Stadium,Bulgaria,Italy,1,2
1994,United States,439,Semi-finals,1994-07-13,Rose Bowl,Sweden,Brazil,0,1
1994,United States,440,Match for third place,1994-07-16,Rose Bowl,Sweden,Bulgaria,4,0
1994,United States,441,Final,1994-07-17,Rose Bowl,Brazil,Italy,3,2
1998,France,442,Group A,1998-06-10,Stade de France,Brazil,Scotland,2,1
1998,France,443,Group A,1998-06-10,Stade de la Mosson,Morocco,Norway,2,2
1998,France,444,Group A,1998-06-16,Parc Lescure,Scotland,Norway,1,1
1998,France,445,Group A,1998-06-16,Stade de la Beaujoire,Brazil,Morocco,3,0
1998,France,446,Group A,1998-06-23,Stade Geoffroy-Guichard,Scotland,Morocco,0,3
1998,France,447,Group A,1998-06-23,Stade Vélodrome,Brazil,Norway,1,2
1998,France,448,Group B,1998-06-11,Stade de Toulouse,Cameroon,Austria,1,1
1998,France,449,Group B,1998-06-11,Parc Lescure,Italy,Chile,2,2
1998,France,450,Group B,1998-06-17,Stade Geoffroy-Guichard,Chile,Austria,1,1
1998,France,451,Group B,1998-06-17,Stade de la Mosson,Italy,Cameroon,3,0
1998,France,452,Group B,1998-06-23,Stade de France,Italy,Austria,2,1
1998,France,453,Group B,1998-06-23,Stade de la Beaujoire,Chile,Cameroon,1,1
1998,France,454,Group C,1998-06-12,Stade Félix Bollaert,Saudi Arabia,Denmark,0,1
1998,France,455,Group C,1998-06-12,Stade Vélodrome,France,South Africa,3,0
1998,France,456,Group C,1998-06-18,Stade de France,France,Saudi Arabia,4,0
1998,France,457,Group C,1998-06-18,Stade de Toulouse,South Africa,Denmark,1,1
1998,France,458,Group C,1998-06-24,Stade Gerland,France,Denmark,2,1
1998,France,459,Group C,1998-06-24,Parc Lescure,South Africa,Saudi Arabia,2,2
1998,France,460,Group D,1998-06-12,Stade de la Mosson,Paraguay,Bulgaria,0,0
1998,France,461,Group D,1998-06-13,Stade de la Beaujoire,Spain,Nigeria,2,3
1998,France,462,Group D,1998-06-19,Parc des Princes,Nigeria,Bulgaria,1,0
1998,France,463,Group D,1998-06-19,Stade Geoffroy-Guichard,Spain,Paraguay,0,0
1998,France,464,Group D,1998-06-24,Stade Félix Bollaert,Spain,Bulgaria,6,1
1998,France,465,Group D,1998-06-24,Stade de Toulouse,Nigeria,Paraguay,1,3
1998,France,466,Group E,1998-06-13,Stade de France,Netherlands,Belgium,0,0
1998,France,467,Group E,1998-06-13,Stade Gerland,South Korea,Mexico,1,3
1998,France,468,Group E,1998-06-20,Stade Vélodrome,Netherlands,South Korea,5,0
1998,France,469,Group E,1998-06-20,Parc Lescure,Belgium,Mexico,2,2
1998,France,470,Group E,1998-06-25,Parc des Princes,Belgium,South Korea,1,1
1998,France,471,Group E,1998-06-25,Stade Geoffroy-Guichard,Netherlands,Mexico,2,2
1998,France,472,Group F,1998-06-14,Stade Geoffroy-Guichard,Yugoslavia,Iran,1,0
1998,France,473,Group F,1998-06-15,Parc des Princes,Germany,United States,2,0
1998,France,474,Group F,1998-06-21,Stade Félix Bollaert,Germany,Yugoslavia,2,2
1998,France,475,Group F,1998-06-21,Stade Gerland,United States,Iran,1,2
1998,France,476,Group F,1998-06-25,Stade de la Mosson,Germany,Iran,2,0
1998,France,477,Group F,1998-06-25,Stade de la Beaujoire,United States,Yugoslavia,0,1
1998,France,478,Group G,1998-06-15,Stade Gerland,Romania,Colombia,1,0
1998,France,479,Group G,1998-06-15,Stade Vélodrome,England,Tunisia,2,0
1998,France,480,Group G,1998-06-22,Stade de la Mosson,Colombia,Tunisia,1,0
1998,France,481,Group G,1998-06-22,Stade de Toulouse,Romania,England,2,1
1998,France,482,Group G,1998-06-26,Stade de France,Romania,Tunisia,1,1
1998,France,483,Group G,1998-06-26,Stade Félix Bollaert,Colombia,England,0,2
1998,France,484,Group H,1998-06-14,Stade Félix Bollaert,Jamaica,Croatia,1,3
1998,France,485,Group H,1998-06-14,Stade de Toulouse,Argentina,Japan,1,0
1998,France,486,Group H,1998-06-20,Stade de la Beaujoire,Japan,Croatia,0,1
1998,France,487,Group H,1998-06-21,Parc des Princes,Argentina,Jamaica,5,0
1998,France,488,Group H,1998-06-26,Stade Gerland,Japan,Jamaica,1,2
1998,France,489,Group H,1998-06-26,Parc Lescure,Argentina,Croatia,1,0
1998,France,490,Round of 16,1998-06-27,Parc des Princes,Brazil,Chile,4,1
1998,France,491,Round of 16,1998-06-27,Stade Vélodrome,Italy,Norway,1,0
1998,France,492,Round of 16,1998-06-28,Stade de France,Nigeria,Denmark,1,4
1998,France,493,Round of 16,1998-06-28,Stade Félix Bollaert,France,Paraguay,1,0
1998,France,494,Round of 16,1998-06-29,Stade de la Mosson,Germany,Mexico,2,1
1998,France,495,Round of 16,1998-06-29,Stade de Toulouse,Netherlands,Yugoslavia,2,1
1998,France,496,Round of 16,1998-06-30,Stade Geoffroy-Guichard,Argentina,England,4,3
1998,France,497,Round of 16,1998-06-30,Parc Lescure,Romania,Croatia,0,1
1998,France,498,Quarter-finals,1998-07-03,Stade de France,Italy,France,3,4
1998,France,499,Quarter-finals,1998-07-03,Stade de la Beaujoire,Brazil,Denmark,3,2
1998,France,500,Quarter-finals,1998-07-04,Stade Gerland,Germany,Croatia,0,3
1998,France,501,Quarter-finals,1998-07-04,Stade Vélodrome,Netherlands,Argentina,2,1
1998,France,502,Semi-finals,1998-07-07,Stade Vélodrome,Brazil,Netherlands,4,2
1998,France,503,Semi-finals,1998-07-08,Stade de France,France,Croatia,2,1
1998,France,504,Match for third place,1998-07-11,Parc des Princes,Netherlands,Croatia,1,2
1998,France,505,Final,1998-07-12,Stade de France,Brazil,France,0,3
2002,South Korea/Japan,506,Group A,2002-05-31,Seoul World Cup Stadium,France,Senegal,0,1
2002,South Korea/Japan,507,Group A,2002-06-01,Munsu Cup Stadium,Uruguay,Denmark,1,2
2002,South Korea/Japan,508,Group A,2002-06-06,Asiad Main Stadium,France,Uruguay,0,0
2002,South Korea/Japan,509,Group A,2002-06-06,Daegu World Cup Stadium,Denmark,Senegal,1,1
2002,South Korea/Japan,510,Group A,2002-06-11,Incheon Munhak Stadium,Denmark,France,2,0
2002,South Korea/Japan,511,Group A,2002-06-11,Suwon World Cup Stadium,Senegal,Uruguay,3,3
2002,South Korea/Japan,512,Group B,2002-06-02,Asiad Main Stadium,Paraguay,South Africa,2,2
2002,South Korea/Japan,513,Group B,2002-06-02,Gwangju World Cup Stadium,Spain,Slovenia,3,1
2002,South Korea/Japan,514,Group B,2002-06-07,Jeonju World Cup Stadium,Spain,Paraguay,3,1
2002,South Korea/Japan,515,Group B,2002-06-08,Daegu World Cup Stadium,South Africa,Slovenia,1,0
2002,South Korea/Japan,516,Group B,2002-06-12,Daejeon World Cup Stadium,South Africa,Spain,2,3
2002,South Korea/Japan,517,Group B,2002-06-12,Jeju World Cup Stadium,Slovenia,Paraguay,1,3
2002,South Korea/Japan,518,Group C,2002-06-03,Munsu Cup Stadium,Brazil,Turkey,2,1
2002,South Korea/Japan,519,Group C,2002-06-04,Gwangju World Cup Stadium,China,Costa Rica,0,2
2002,South Korea/Japan,520,Group C,2002-06-08,Jeju World Cup Stadium,Brazil,China,4,0
2002,South Korea/Japan,521,Group C,2002-06-09,Incheon Munhak Stadium,Costa Rica,Turkey,1,1
2002,South Korea/Japan,522,Group C,2002-06-13,Suwon World Cup Stadium,Costa Rica,Brazil,2,5
2002,South Korea/Japan,523,Group C,2002-06-13,Seoul World Cup Stadium,Turkey,China,3,0
2002,South Korea/Japan,524,Group D,2002-06-04,Asiad Main Stadium,South Korea,Poland,2,0
2002,South Korea/Japan,525,Group D,2002-06-05,Suwon World Cup Stadium,United States,Portugal,3,2
2002,South Korea/Japan,526,Group D,2002-06-10,Daegu World Cup Stadium,South Korea,United States,1,1
2002,South Korea/Japan,527,Group D,2002-06-10,Jeonju World Cup Stadium,Portugal,Poland,4,0
2002,South Korea/Japan,528,Group D,2002-06-14,Incheon Munhak Stadium,Portugal,South Korea,0,1
2002,South Korea/Japan,529,Group D,2002-06-14,Daejeon World Cup Stadium,Poland,United States,3,1
2002,South Korea/Japan,530,Group E,2002-06-01,Niigata Stadium,Ireland,Cameroon,1,1
2002,South Korea/Japan,531,Group E,2002-06-01,Sapporo Dome,Germany,Saudi Arabia,8,0
2002,South Korea/Japan,532,Group E,2002-06-05,Kashima Soccer Stadium,Germany,Ireland,1,1
2002,South Korea/Japan,533,Group E,2002-06-06,Saitama Stadium,Cameroon,Saudi Arabia,1,0
2002,South Korea/Japan,534,Group E,2002-06-11,Shizuoka Stadium,Cameroon,Germany,0,2
2002,South Korea/Japan,535,Group E,2002-06-11,International Stadium Yokohama,Saudi Arabia,Ireland,0,3
2002,South Korea/Japan,536,Group F,2002-06-02,Saitama Stadium,England,Sweden,1,1
2002,South Korea/Japan,537,Group F,2002-06-02,Kashima Soccer Stadium,Argentina,Nigeria,1,0
2002,South Korea/Japan,538,Group F,2002-06-07,Kobe Wing Stadium,Sweden,Nigeria,2,1
2002,South Korea/Japan,539,Group F,2002-06-07,Sapporo Dome,Argentina,England,0,1
2002,South Korea/Japan,540,Group F,2002-06-12,Miyagi Stadium,Sweden,Argentina,1,1
2002,South Korea/Japan,541,Group F,2002-06-12,Nagai Stadium,Nigeria,England,0,0
2002,South Korea/Japan,542,Group G,2002-06-03,Niigata Stadium,Croatia,Mexico,0,1
2002,South Korea/Japan,543,Group G,2002-06-03,Sapporo Dome,Italy,Ecuador,2,0
2002,South Korea/Japan,544,Group G,2002-06-08,Kashima Soccer Stadium,Italy,Croatia,1,2
2002,South Korea/Japan,545,Group G,2002-06-09,Miyagi Stadium,Mexico,Ecuador,2,1
2002,South Korea/Japan,546,Group G,2002-06-13,Ōita Stadium,Mexico,Italy,1,1
2002,South Korea/Japan,547,Group G,2002-06-13,International Stadium Yokohama,Ecuador,Croatia,1,0
2002,South Korea/Japan,548,Group H,2002-06-04,Saitama Stadium,Japan,Belgium,2,2
2002,South Korea/Japan,549,Group H,2002-06-05,Kobe Wing Stadium,Russia,Tunisia,2,0
2002,South Korea/Japan,550,Group H,2002-06-09,International Stadium Yokohama,Japan,Russia,1,0
2002,South Korea/Japan,551,Group H,2002-06-10,Ōita Stadium,Tunisia,Belgium,1,1
2002,South Korea/Japan,552,Group H,2002-06-14,Nagai Stadium,Tunisia,Japan,0,2
2002,South Korea/Japan,553,Group H,2002-06-14,Shizuoka Stadium,Belgium,Russia,3,2
2002,South Korea/Japan,554,Round of 16,2002-06-15,Jeju World Cup Stadium,Germany,Paraguay,1,0
2002,South Korea/Japan,555,Round of 16,2002-06-15,Niigata Stadium,Denmark,England,0,3
2002,South Korea/Japan,556,Round of 16,2002-06-16,Ōita Stadium,Sweden,Senegal,1,2
2002,South Korea/Japan,557,Round of 16,2002-06-16,Suwon World Cup Stadium,Spain,Ireland,3,2
2002,South Korea/Japan,558,Round of 16,2002-06-17,Jeonju World Cup Stadium,Mexico,United States,0,2
2002,South Korea/Japan,559,Round of 16,2002-06-17,Kobe Wing Stadium,Brazil,Belgium,2,0
2002,South Korea/Japan,560,Round of 16,2002-06-18,Miyagi Stadium,Japan,Turkey,0,1
2002,South Korea/Japan,561,Round of 16,2002-06-18,Daejeon World Cup Stadium,South Korea,Italy,2,1
2002,South Korea/Japan,562,Quarter-finals,2002-06-21,Shizuoka Stadium,England,Brazil,1,2
2002,South Korea/Japan,563,Quarter-finals,2002-06-21,Munsu Cup Stadium,Germany,United States,1,0
2002,South Korea/Japan,564,Quarter-finals,2002-06-22,Gwangju World Cup Stadium,Spain,South Korea,3,5
2002,South Korea/Japan,565,Quarter-finals,2002-06-22,Nagai Stadium,Senegal,Turkey,0,1
2002,South Korea/Japan,566,Semi-finals,2002-06-25,Seoul World Cup Stadium,Germany,South Korea,1,0
2002,South Korea/Japan,567,Semi-finals,2002-06-26,Saitama Stadium,Brazil,Turkey,1,0
2002,South Korea/Japan,568,Match for third place,2002-06-29,Daegu World Cup Stadium,South Korea,Turkey,2,3
2002,South Korea/Japan,569,Final,2002-06-30,International Stadium Yokohama,Germany,Brazil,0,2
2006,Germany,570,Group A,2006-06-09,Allianz Arena,Germany,Costa Rica,4,2
2006,Germany,571,Group A,2006-06-09,Veltins-Arena,Poland,Ecuador,0,2
2006,Germany,572,Group A,2006-06-14,Signal Iduna Park,Germany,Poland,1,0
2006,Germany,573,Group A,2006-06-15,AOL Arena,Ecuador,Costa Rica,3,0
2006,Germany,574,Group A,2006-06-20,Olympiastadion,Ecuador,Germany,0,3
2006,Germany,575,Group A,2006-06-20,AWD-Arena,Costa Rica,Poland,1,2
2006,Germany,576,Group B,2006-06-10,Commerzbank-Arena,England,Paraguay,1,0
2006,Germany,577,Group B,2006-06-10,Signal Iduna Park,Trinidad and Tobago,Sweden,0,0
2006,Germany,578,Group B,2006-06-15,Frankenstadion,England,Trinidad and Tobago,2,0
2006,Germany,579,Group B,2006-06-15,Olympiastadion,Sweden,Paraguay,1,0
2006,Germany,580,Group B,2006-06-20,RheinEnergieStadion,Sweden,England,2,2
2006,Germany,581,Group B,2006-06-20,Fritz-Walter-Stadion,Paraguay,Trinidad and Tobago,2,0
2006,Germany,582,Group C,2006-06-10,AOL Arena,Argentina,Côte d'Ivoire,2,1
2006,Germany,583,Group C,2006-06-11,Zentralstadion,Serbia,Netherlands,0,1
2006,Germany,584,Group C,2006-06-16,Veltins-Arena,Argentina,Serbia,6,0
2006,Germany,585,Group C,2006-06-16,Gottlieb-Daimler-Stadion,Netherlands,Côte d'Ivoire,2,1
2006,Germany,586,Group C,2006-06-21,Commerzbank-Arena,Netherlands,Argentina,0,0
2006,Germany,587,Group C,2006-06-21,Allianz Arena,Côte d'Ivoire,Serbia,3,2
2006,Germany,588,Group D,2006-06-11,Frankenstadion,Mexico,Iran,3,1
2006,Germany,589,Group D,2006-06-11,RheinEnergieStadion,Angola,Portugal,0,1
2006,Germany,590,Group D,2006-06-16,AWD-Arena,Mexico,Angola,0,0
2006,Germany,591,Group D,2006-06-17,Commerzbank-Arena,Portugal,Iran,2,0
2006,Germany,592,Group D,2006-06-21,Veltins-Arena,Portugal,Mexico,2,1
2006,Germany,593,Group D,2006-06-21,Zentralstadion,Iran,Angola,1,1
2006,Germany,594,Group E,2006-06-12,AWD-Arena,Italy,Ghana,2,0
2006,Germany,595,Group E,2006-06-12,Veltins-Arena,United States,Czech Republic,0,3
2006,Germany,596,Group E,2006-06-17,Fritz-Walter-Stadion,Italy,United States,1,1
2006,Germany,597,Group E,2006-06-17,RheinEnergieStadion,Czech Republic,Ghana,0,2
2006,Germany,598,Group E,2006-06-22,AOL Arena,Czech Republic,Italy,0,2
2006,Germany,599,Group E,2006-06-22,Frankenstadion,Ghana,United States,2,1
2006,Germany,600,Group F,2006-06-13,Olympiastadion,Brazil,Croatia,1,0
2006,Germany,601,Group F,2006-06-12,Fritz-Walter-Stadion,Australia,Japan,3,1
2006,Germany,602,Group F,2006-06-18,Allianz Arena,Brazil,Australia,2,0
2006,Germany,603,Group F,2006-06-18,Frankenstadion,Japan,Croatia,0,0
2006,Germany,604,Group F,2006-06-22,Signal Iduna Park,Japan,Brazil,1,4
2006,Germany,605,Group F,2006-06-22,Gottlieb-Daimler-Stadion,Croatia,Australia,2,2
2006,Germany,606,Group G,2006-06-13,Gottlieb-Daimler-Stadion,France,Switzerland,0,0
2006,Germany,607,Group G,2006-06-13,Commerzbank-Arena,South Korea,Togo,2,1
2006,Germany,608,Group G,2006-06-18,Zentralstadion,France,South Korea,1,1
2006,Germany,609,Group G,2006-06-19,Signal Iduna Park,Togo,Switzerland,0,2
2006,Germany,610,Group G,2006-06-23,RheinEnergieStadion,Togo,France,0,2
2006,Germany,611,Group G,2006-06-23,AWD-Arena,Switzerland,South Korea,2,0
2006,Germany,612,Group H,2006-06-14,Zentralstadion,Spain,Ukraine,4,0
2006,Germany,613,Group H,2006-06-14,Allianz Arena,Tunisia,Saudi Arabia,2,2
2006,Germany,614,Group H,2006-06-19,Gottlieb-Daimler-Stadion,Spain,Tunisia,3,1
2006,Germany,615,Group H,2006-06-19,AOL Arena,Saudi Arabia,Ukraine,0,4
2006,Germany,616,Group H,2006-06-23,Fritz-Walter-Stadion,Saudi Arabia,Spain,0,1
2006,Germany,617,Group H,2006-06-23,Olympiastadion,Ukraine,Tunisia,1,0
2006,Germany,618,Round of 16,2006-06-24,Allianz Arena,Germany,Sweden,2,0
2006,Germany,619,Round of 16,2006-06-24,Zentralstadion,Argentina,Mexico,2,1
2006,Germany,620,Round of 16,2006-06-25,Gottlieb-Daimler-Stadion,England,Ecuador,1,0
2006,Germany,621,Round of 16,2006-06-25,Frankenstadion,Portugal,Netherlands,1,0
2006,Germany,622,Round of 16,2006-06-26,Fritz-Walter-Stadion,Italy,Australia,1,0
2006,Germany,623,Round of 16,2006-06-26,RheinEnergieStadion,Switzerland,Ukraine,0,3
2006,Germany,624,Round of 16,2006-06-27,Signal Iduna Park,Brazil,Ghana,3,0
2006,Germany,625,Round of 16,2006-06-27,AWD-Arena,Spain,France,1,3
2006,Germany,626,Quarter-finals,2006-06-30,Olympiastadion,Germany,Argentina,4,2
2006,Germany,627,Quarter-finals,2006-06-30,AOL Arena,Italy,Ukraine,3,0
2006,Germany,628,Quarter-finals,2006-07-01,Veltins-Arena,England,Portugal,1,3
2006,Germany,629,Quarter-finals,2006-07-01,Commerzbank-Arena,Brazil,France,0,1
2006,Germany,630,Semi-finals,2006-07-04,Signal Iduna Park,Germany,Italy,0,2
2006,Germany,631,Semi-finals,2006-07-05,Allianz Arena,Portugal,France,0,1
2006,Germany,632,Match for third place,2006-07-08,Gottlieb-Daimler-Stadion,Germany,Portugal,3,1
2006,Germany,633,Final,2006-07-09,Olympiastadion,Italy,France,5,3
2010,South Africa,634,Group A,2010-06-11,Soccer City,South Africa,Mexico,1,1
2010,South Africa,635,Group A,2010-06-11,Cape Town Stadium,Uruguay,France,0,0
2010,South Africa,636,Group A,2010-06-16,Loftus Versfeld Stadium,South Africa,Uruguay,0,3
2010,South Africa,637,Group A,2010-06-17,Peter Mokaba Stadium,France,Mexico,0,2
2010,South Africa,638,Group A,2010-06-22,Royal Bafokeng Stadium,Mexico,Uruguay,0,1
2010,South Africa,639,Group A,2010-06-22,Free State Stadium,France,South Africa,1,2
2010,South Africa,640,Group B,2010-06-12,Nelson Mandela Bay Stadium,South Korea,Greece,2,0
2010,South Africa,641,Group B,2010-06-12,Ellis Park Stadium,Argentina,Nigeria,1,0
2010,South Africa,642,Group B,2010-06-17,Soccer City,Argentina,South Korea,4,1
2010,South Africa,643,Group B,2010-06-17,Free State Stadium,Greece,Nigeria,2,1
2010,South Africa,644,Group B,2010-06-22,Moses Mabhida Stadium,Nigeria,South Korea,2,2
2010,South Africa,645,Group B,2010-06-22,Peter Mokaba Stadium,Greece,Argentina,0,2
2010,South Africa,646,Group C,2010-06-12,Royal Bafokeng Stadium,England,United States,1,1
2010,South Africa,647,Group C,2010-06-13,Peter Mokaba Stadium,Algeria,Slovenia,0,1
2010,South Africa,648,Group C,2010-06-18,Ellis Park Stadium,Slovenia,United States,2,2
2010,South Africa,649,Group C,2010-06-18,Cape Town Stadium,England,Algeria,0,0
2010,South Africa,650,Group C,2010-06-23,Loftus Versfeld Stadium,United States,Algeria,1,0
2010,South Africa,651,Group C,2010-06-23,Nelson Mandela Bay Stadium,Slovenia,England,0,1
2010,South Africa,652,Group D,2010-06-13,Loftus Versfeld Stadium,Serbia,Ghana,0,1
2010,South Africa,653,Group D,2010-06-13,Moses Mabhida Stadium,Germany,Australia,4,0
2010,South Africa,654,Group D,2010-06-18,Nelson Mandela Bay Stadium,Germany,Serbia,0,1
2010,South Africa,655,Group D,2010-06-19,Royal Bafokeng Stadium,Ghana,Australia,1,1
2010,South Africa,656,Group D,2010-06-23,Mbombela Stadium,Australia,Serbia,2,1
2010,South Africa,657,Group D,2010-06-23,Soccer City,Ghana,Germany,0,1
2010,South Africa,658,Group E,2010-06-14,Soccer City,Netherlands,Denmark,2,0
2010,South Africa,659,Group E,2010-06-14,Free State Stadium,Japan,Cameroon,1,0
2010,South Africa,660,Group E,2010-06-19,Moses Mabhida Stadium,Netherlands,Japan,1,0
2010,South Africa,661,Group E,2010-06-19,Loftus Versfeld Stadium,Cameroon,Denmark,1,2
2010,South Africa,662,Group E,2010-06-24,Royal Bafokeng Stadium,Denmark,Japan,1,3
2010,South Africa,663,Group E,2010-06-24,Cape Town Stadium,Cameroon,Netherlands,1,2
2010,South Africa,664,Group F,2010-06-14,Cape Town Stadium,Italy,Paraguay,1,1
2010,South Africa,665,Group F,2010-06-15,Royal Bafokeng Stadium,New Zealand,Slovakia,1,1
2010,South Africa,666,Group F,2010-06-20,Free State Stadium,Slovakia,Paraguay,0,2
2010,South Africa,667,Group F,2010-06-20,Mbombela Stadium,Italy,New Zealand,1,1
2010,South Africa,668,Group F,2010-06-24,Ellis Park Stadium,Slovakia,Italy,3,2
2010,South Africa,669,Group F,2010-06-24,Peter Mokaba Stadium,Paraguay,New Zealand,0,0
2010,South Africa,670,Group G,2010-06-15,Nelson Mandela Bay Stadium,Côte d'Ivoire,Portugal,0,0
2010,South Africa,671,Group G,2010-06-15,Ellis Park Stadium,Brazil,North Korea,2,1
2010,South Africa,672,Group G,2010-06-20,Soccer City,Brazil,Côte d'Ivoire,3,1
2010,South Africa,673,Group G,2010-06-21,Cape Town Stadium,Portugal,North Korea,7,0
2010,South Africa,674,Group G,2010-06-25,Moses Mabhida Stadium,Portugal,Brazil,0,0
2010,South Africa,675,Group G,2010-06-25,Mbombela Stadium,North Korea,Côte d'Ivoire,0,3
2010,South Africa,676,Group H,2010-06-16,Mbombela Stadium,Honduras,Chile,0,1
2010,South Africa,677,Group H,2010-06-16,Moses Mabhida Stadium,Spain,Switzerland,0,1
2010,South Africa,678,Group H,2010-06-21,Nelson Mandela Bay Stadium,Chile,Switzerland,1,0
2010,South Africa,679,Group H,2010-06-21,Ellis Park Stadium,Spain,Honduras,2,0
2010,South Africa,680,Group H,2010-06-25,Loftus Versfeld Stadium,Chile,Spain,1,2
2010,South Africa,681,Group H,2010-06-25,Free State Stadium,Switzerland,Honduras,0,0
2010,South Africa,682,Round of 16,2010-06-26,Nelson Mandela Bay Stadium,Uruguay,South Korea,2,1
2010,South Africa,683,Round of 16,2010-06-26,Royal Bafokeng Stadium,United States,Ghana,1,2
2010,South Africa,684,Round of 16,2010-06-27,Free State Stadium,Germany,England,4,1
2010,South Africa,685,Round of 16,2010-06-27,Soccer City,Argentina,Mexico,3,1
2010,South Africa,686,Round of 16,2010-06-28,Moses Mabhida Stadium,Netherlands,Slovakia,2,1
2010,South Africa,687,Round of 16,2010-06-28,Ellis Park Stadium,Brazil,Chile,3,0
2010,South Africa,688,Round of 16,2010-06-29,Loftus Versfeld Stadium,Paraguay,Japan,5,3
2010,South Africa,689,Round of 16,2010-06-29,Cape Town Stadium,Spain,Portugal,1,0
2010,South Africa,690,Quarter-finals,2010-07-02,Nelson Mandela Bay Stadium,Netherlands,Brazil,2,1
2010,South Africa,691,Quarter-finals,2010-07-02,Soccer City,Uruguay,Ghana,4,2
2010,South Africa,692,Quarter-finals,2010-07-03,Cape Town Stadium,Argentina,Germany,0,4
2010,South Africa,693,Quarter-finals,2010-07-03,Ellis Park Stadium,Paraguay,Spain,0,1
2010,South Africa,694,Semi-finals,2010-07-06,Cape Town Stadium,Uruguay,Netherlands,2,3
2010,South Africa,695,Semi-finals,2010-07-07,Moses Mabhida Stadium,Germany,Spain,0,1
2010,South Africa,696,Match for third place,2010-07-10,Nelson Mandela Bay Stadium,Uruguay,Germany,2,3
2010,South Africa,697,Final,2010-07-11,Soccer City,Netherlands,Spain,0,1
2014,Brazil,698,Group A,2014-06-12,Arena de São Paulo,Brazil,Croatia,3,1
2014,Brazil,699,Group A,2014-06-13,Estádio das Dunas,Mexico,Cameroon,1,0
2014,Brazil,700,Group A,2014-06-17,Estádio Castelão,Brazil,Mexico,0,0
2014,Brazil,701,Group A,2014-06-18,Arena Amazônia,Cameroon,Croatia,0,4
2014,Brazil,702,Group A,2014-06-23,Estádio Nacional Mané Garrincha,Cameroon,Brazil,1,4
2014,Brazil,703,Group A,2014-06-23,Arena Pernambuco,Croatia,Mexico,1,3
2014,Brazil,704,Group B,2014-06-13,Arena Fonte Nova,Spain,Netherlands,1,5
2014,Brazil,705,Group B,2014-06-13,Arena Pantanal,Chile,Australia,3,1
2014,Brazil,706,Group B,2014-06-18,Estádio do Maracanã,Spain,Chile,0,2
2014,Brazil,707,Group B,2014-06-18,Estádio Beira-Rio,Australia,Netherlands,2,3
2014,Brazil,708,Group B,2014-06-23,Arena da Baixada,Australia,Spain,0,3
2014,Brazil,709,Group B,2014-06-23,Arena de São Paulo,Netherlands,Chile,2,0
2014,Brazil,710,Group C,2014-06-14,Estádio Mineirão,Colombia,Greece,3,0
2014,Brazil,711,Group C,2014-06-14,Arena Pernambuco,Côte d'Ivoire,Japan,2,1
2014,Brazil,712,Group C,2014-06-19,Estádio Nacional Mané Garrincha,Colombia,Côte d'Ivoire,2,1
2014,Brazil,713,Group C,2014-06-19,Estádio das Dunas,Japan,Greece,0,0
2014,Brazil,714,Group C,2014-06-24,Arena Pantanal,Japan,Colombia,1,4
2014,Brazil,715,Group C,2014-06-24,Estádio Castelão,Greece,Côte d'Ivoire,2,1
2014,Brazil,716,Group D,2014-06-14,Estádio Castelão,Uruguay,Costa Rica,1,3
2014,Brazil,717,Group D,2014-06-14,Arena Amazônia,England,Italy,1,2
2014,Brazil,718,Group D,2014-06-19,Arena de São Paulo,Uruguay,England,2,1
2014,Brazil,719,Group D,2014-06-20,Arena Pernambuco,Italy,Costa Rica,0,1
2014,Brazil,720,Group D,2014-06-24,Estádio das Dunas,Italy,Uruguay,0,1
2014,Brazil,721,Group D,2014-06-24,Estádio Mineirão,Costa Rica,England,0,0
2014,Brazil,722,Group E,2014-06-15,Estádio Nacional Mané Garrincha,Switzerland,Ecuador,2,1
2014,Brazil,723,Group E,2014-06-15,Estádio Beira-Rio,France,Honduras,3,0
2014,Brazil,724,Group E,2014-06-20,Arena Fonte Nova,Switzerland,France,2,5
2014,Brazil,725,Group E,2014-06-20,Arena da Baixada,Honduras,Ecuador,1,2
2014,Brazil,726,Group E,2014-06-25,Arena Amazônia,Honduras,Switzerland,0,3
2014,Brazil,727,Group E,2014-06-25,Estádio do Maracanã,Ecuador,France,0,0
2014,Brazil,728,Group F,2014-06-15,Estádio do Maracanã,Argentina,Bosnia-Herzegovina,2,1
2014,Brazil,729,Group F,2014-06-16,Arena da Baixada,Iran,Nigeria,0,0
2014,Brazil,730,Group F,2014-06-21,Estádio Mineirão,Argentina,Iran,1,0
2014,Brazil,731,Group F,2014-06-21,Arena Pantanal,Nigeria,Bosnia-Herzegovina,1,0
2014,Brazil,732,Group F,2014-06-25,Estádio Beira-Rio,Nigeria,Argentina,2,3
2014,Brazil,733,Group F,2014-06-25,Arena Fonte Nova,Bosnia-Herzegovina,Iran,3,1
2014,Brazil,734,Group G,2014-06-16,Arena Fonte Nova,Germany,Portugal,4,0
2014,Brazil,735,Group G,2014-06-16,Estádio das Dunas,Ghana,United States,1,2
2014,Brazil,736,Group G,2014-06-21,Estádio Castelão,Germany,Ghana,2,2
2014,Brazil,737,Group G,2014-06-22,Arena Amazônia,United States,Portugal,2,2
2014,Brazil,738,Group G,2014-06-26,Arena Pernambuco,United States,Germany,0,1
2014,Brazil,739,Group G,2014-06-26,Estádio Nacional Mané Garrincha,Portugal,Ghana,2,1
2014,Brazil,740,Group H,2014-06-17,Estádio Mineirão,Belgium,Algeria,2,1
2014,Brazil,741,Group H,2014-06-17,Arena Pantanal,Russia,South Korea,1,1
2014,Brazil,742,Group H,2014-06-22,Estádio do Maracanã,Belgium,Russia,1,0
2014,Brazil,743,Group H,2014-06-22,Estádio Beira-Rio,South Korea,Algeria,2,4
2014,Brazil,744,Group H,2014-06-26,Arena de São Paulo,South Korea,Belgium,0,1
2014,Brazil,745,Group H,2014-06-26,Arena da Baixada,Algeria,Russia,1,1
2014,Brazil,746,Round of 16,2014-06-28,Estádio Mineirão,Brazil,Chile,3,2
2014,Brazil,747,Round of 16,2014-06-28,Estádio do Maracanã,Colombia,Uruguay,2,0
2014,Brazil,748,Round of 16,2014-06-29,Estádio Castelão,Netherlands,Mexico,2,1
2014,Brazil,749,Round of 16,2014-06-29,Arena Pernambuco,Costa Rica,Greece,5,3
2014,Brazil,750,Round of 16,2014-06-30,Estádio Nacional Mané Garrincha,France,Nigeria,2,0
2014,Brazil,751,Round of 16,2014-06-30,Estádio Beira-Rio,Germany,Algeria,2,1
2014,Brazil,752,Round of 16,2014-07-01,Arena de São Paulo,Argentina,Switzerland,1,0
2014,Brazil,753,Round of 16,2014-07-01,Arena Fonte Nova,Belgium,United States,2,1
2014,Brazil,754,Quarter-finals,2014-07-04,Estádio Castelão,Brazil,Colombia,2,1
2014,Brazil,755,Quarter-finals,2014-07-04,Estádio do Maracanã,France,Germany,0,1
2014,Brazil,756,Quarter-finals,2014-07-05,Arena Fonte Nova,Netherlands,Costa Rica,4,3
2014,Brazil,757,Quarter-finals,2014-07-05,Estádio Nacional Mané Garrincha,Argentina,Belgium,1,0
2014,Brazil,758,Semi-finals,2014-07-08,Estádio Mineirão,Brazil,Germany,1,7
2014,Brazil,759,Semi-finals,2014-07-09,Arena de São Paulo,Netherlands,Argentina,2,4
2014,Brazil,760,Match for third place,2014-07-12,Estádio Nacional Mané Garrincha,Brazil,Netherlands,0,3
2014,Brazil,761,Final,2014-07-13,Estádio do Maracanã,Germany,Argentina,1,0
